{"stats":{"minecraft:custom":{"minecraft:interact_with_furnace":9,"minecraft:mob_kills":7,"minecraft:animals_bred":4,"minecraft:interact_with_crafting_table":21,"minecraft:tune_noteblock":6,"minecraft:open_barrel":24,"minecraft:damage_dealt_resisted":179,"minecraft:leave_game":4,"minecraft:time_since_death":141041,"minecraft:sleep_in_bed":10,"minecraft:climb_one_cm":32434,"minecraft:damage_resisted":72,"minecraft:time_since_rest":30417,"minecraft:waystone_activated":2,"champions:champion_mobs_killed":5,"minecraft:sprint_one_cm":427094,"minecraft:damage_taken":2509,"minecraft:walk_one_cm":577109,"minecraft:damage_blocked_by_shield":200,"minecraft:drop":1,"minecraft:damage_dealt":2202,"minecraft:swim_one_cm":48014,"minecraft:talked_to_villager":1,"minecraft:fly_one_cm":482885,"minecraft:open_chest":61,"minecraft:crouch_one_cm":8412,"minecraft:play_time":141041,"tombstone:undead_killed":3,"minecraft:sneak_time":4675,"minecraft:walk_under_water_one_cm":12733,"minecraft:jump":2385,"minecraft:interact_with_blast_furnace":1,"minecraft:walk_on_water_one_cm":21492,"minecraft:interact_with_smoker":1,"minecraft:total_world_time":141041,"minecraft:fall_one_cm":74953},"minecraft:picked_up":{"minecraft:crafting_table":8,"minecraft:wheat":28,"minecraft:feather":2,"minecraft:jungle_log":2,"swem:star_worm":14,"minecraft:flint":1,"delightful:cantaloupe":3,"minecraft:oak_log":15,"butcher:cowcorpseitem":2,"minecraft:cobbled_deepslate_stairs":1,"minecraft:moss_carpet":2,"minecraft:dirt":43,"minecraft:string":14,"minecraft:red_bed":7,"minecraft:raw_copper":48,"brewery:hops_seeds":6,"minecraft:bone":2,"minecraft:wheat_seeds":79,"untamedwilds:flora_water_hyacinth_item":5,"tombstone:bag_of_seeds":1,"dynamictrees:oak_seed":15,"delightful:green_tea_leaf":7,"swem:oat_seeds":1,"minecraft:sugar_cane":4,"dynamictrees:cocoa_seed":4,"knightlib:small_essence":4,"minecraft:furnace":1,"minecraft:stick":47,"minecraft:sweet_berries":23,"minecraft:torch":9,"minecraft:acacia_log":5,"minecraft:gravel":32,"farmersdelight:tomato_seeds":3,"minecraft:orange_bed":1,"hexerei:sage_seed":1,"minecraft:rotten_flesh":4,"minecraft:decorated_pot":1,"minecraft:pumpkin_pie":2,"dynamictrees:jungle_seed":5,"untamedwilds:hide_golden":3,"minecraft:bone_meal":1,"minecraft:emerald":1,"supplementaries:ash":1,"minecraft:deepslate_brick_stairs":1,"iceandfire:raw_silver":2,"alexsmobs:flying_fish":11,"minecraft:coal":36,"minecraft:cobblestone":121},"minecraft:killed":{"graveyard:ghoul":1,"alexsmobs:seagull":1,"untamedwilds:big_cat":1,"minecraft:pillager":2,"minecraft:zombie":2},"minecraft:mined":{"untamedwilds:flora_water_hyacinth":5,"iceandfire:silver_ore":2,"brewery:wild_hops":3,"minecraft:red_bed":7,"minecraft:cobbled_deepslate_stairs":1,"minecraft:torch":3,"minecraft:crafting_table":8,"dynamictrees:cocoa":3,"delightful:pumpkin_pie":1,"minecraft:acacia_log":5,"minecraft:grass_block":39,"minecraft:decorated_pot":1,"minecraft:tall_grass":7,"minecraft:copper_ore":15,"swem:star_worm_cobble":4,"minecraft:deepslate_bricks":1,"farmersdelight:wild_tomatoes":3,"minecraft:sugar_cane":1,"minecraft:wall_torch":6,"minecraft:coarse_dirt":1,"minecraft:furnace":1,"dynamictrees:oak_undergrowth_leaves":43,"delightful:cantaloupe":3,"minecraft:fire":8,"dynamictrees:cocoa_sapling":1,"dtterralith:oak_twiglet_leaves":4,"dtterralith:acacia_twiglet_leaves":2,"minecraft:grass":8,"minecraft:oak_log":2,"minecraft:coal_ore":36,"minecraft:gravel":34,"minecraft:deepslate_brick_stairs":1,"minecraft:dirt":4,"dynamictrees:jungle_undergrowth_leaves":27,"minecraft:cobweb":14,"minecraft:stone":121,"minecraft:fern":2,"minecraft:orange_bed":1},"minecraft:used":{"dynamictrees:cocoa_seed":1,"minecraft:stone_shovel":77,"minecraft:stone_pickaxe":67,"butcher:butchers_knife":4,"minecraft:shield":2,"minecraft:decorated_pot":1,"minecraft:chest":1,"minecraft:wooden_pickaxe":6,"minecraft:iron_sword":15,"dynamictrees:oak_seed":3,"minecraft:orange_bed":1,"minecraft:torch":13,"minecraft:dirt":43,"minecraft:crafting_table":9,"minecraft:red_bed":6,"butcher:cowcorpseitem":5,"some_assembly_required:sandwich":10,"minecraft:oak_log":2,"tombstone:bag_of_seeds":1,"minecraft:wooden_axe":1,"soul_like_armors_reworked:dagger":72,"minecraft:iron_axe":80,"minecraft:bread":30,"minecraft:iron_pickaxe":130,"delightful:cantaloupe_slice":7,"minecraft:stone_axe":34,"minecraft:furnace":2},"minecraft:dropped":{"butcher:cowcorpseitem":1},"minecraft:crafted":{"minecraft:cocoa_beans":3,"delightful:cantaloupe_slice":9,"minecraft:oak_planks":16,"minecraft:stone_shovel":1,"minecraft:iron_nugget":9,"minecraft:crafting_table":1,"minecraft:wooden_pickaxe":1,"minecraft:iron_sword":1,"minecraft:furnace":1,"minecraft:stone_axe":1,"minecraft:shield":1,"minecraft:iron_axe":1,"butcher:hook":1,"minecraft:stick":16,"quark:oak_chest":1,"minecraft:stone_pickaxe":1,"minecraft:wooden_axe":2,"minecraft:chest":1,"butcher:butchers_knife":1,"minecraft:acacia_planks":20,"minecraft:torch":12}},"DataVersion":3465}