{"stats":{"minecraft:custom":{"minecraft:interact_with_furnace":6,"minecraft:mob_kills":6,"minecraft:animals_bred":3,"minecraft:interact_with_crafting_table":13,"minecraft:tune_noteblock":6,"minecraft:open_barrel":24,"minecraft:damage_dealt_resisted":179,"minecraft:leave_game":4,"minecraft:time_since_death":114213,"minecraft:sleep_in_bed":10,"minecraft:climb_one_cm":23674,"minecraft:damage_resisted":72,"minecraft:time_since_rest":3589,"minecraft:waystone_activated":2,"champions:champion_mobs_killed":4,"minecraft:sprint_one_cm":413965,"minecraft:damage_taken":2149,"minecraft:walk_one_cm":505780,"minecraft:damage_dealt":1904,"minecraft:swim_one_cm":46707,"minecraft:talked_to_villager":1,"minecraft:fly_one_cm":472366,"minecraft:open_chest":44,"minecraft:crouch_one_cm":7586,"minecraft:play_time":114213,"tombstone:undead_killed":2,"minecraft:sneak_time":3471,"minecraft:walk_under_water_one_cm":10960,"minecraft:jump":2269,"minecraft:interact_with_blast_furnace":1,"minecraft:walk_on_water_one_cm":18647,"minecraft:interact_with_smoker":1,"minecraft:total_world_time":114213,"minecraft:fall_one_cm":71006},"minecraft:picked_up":{"minecraft:crafting_table":8,"minecraft:wheat":28,"minecraft:feather":2,"minecraft:jungle_log":2,"swem:star_worm":14,"minecraft:flint":1,"delightful:cantaloupe":3,"minecraft:oak_log":13,"minecraft:cobbled_deepslate_stairs":1,"minecraft:moss_carpet":2,"minecraft:dirt":43,"minecraft:string":14,"minecraft:red_bed":7,"minecraft:raw_copper":48,"brewery:hops_seeds":6,"minecraft:bone":2,"minecraft:wheat_seeds":79,"untamedwilds:flora_water_hyacinth_item":5,"dynamictrees:oak_seed":15,"delightful:green_tea_leaf":7,"swem:oat_seeds":1,"minecraft:sugar_cane":4,"dynamictrees:cocoa_seed":3,"knightlib:small_essence":3,"minecraft:furnace":1,"minecraft:stick":47,"minecraft:sweet_berries":23,"minecraft:acacia_log":5,"minecraft:gravel":32,"farmersdelight:tomato_seeds":3,"minecraft:orange_bed":1,"hexerei:sage_seed":1,"minecraft:rotten_flesh":3,"minecraft:decorated_pot":1,"minecraft:pumpkin_pie":2,"dynamictrees:jungle_seed":5,"untamedwilds:hide_golden":3,"minecraft:emerald":1,"supplementaries:ash":1,"minecraft:deepslate_brick_stairs":1,"iceandfire:raw_silver":2,"alexsmobs:flying_fish":8,"minecraft:coal":36,"minecraft:cobblestone":121},"minecraft:killed":{"graveyard:ghoul":1,"alexsmobs:seagull":1,"untamedwilds:big_cat":1,"minecraft:pillager":2,"minecraft:zombie":1},"minecraft:mined":{"untamedwilds:flora_water_hyacinth":5,"iceandfire:silver_ore":2,"brewery:wild_hops":3,"minecraft:red_bed":7,"minecraft:cobbled_deepslate_stairs":1,"minecraft:crafting_table":8,"dynamictrees:cocoa":2,"delightful:pumpkin_pie":1,"minecraft:acacia_log":5,"minecraft:grass_block":39,"minecraft:decorated_pot":1,"minecraft:copper_ore":15,"minecraft:tall_grass":7,"swem:star_worm_cobble":4,"minecraft:deepslate_bricks":1,"farmersdelight:wild_tomatoes":3,"minecraft:sugar_cane":1,"minecraft:coarse_dirt":1,"minecraft:furnace":1,"dynamictrees:oak_undergrowth_leaves":43,"delightful:cantaloupe":3,"minecraft:fire":8,"dynamictrees:cocoa_sapling":1,"dtterralith:oak_twiglet_leaves":4,"dtterralith:acacia_twiglet_leaves":2,"minecraft:grass":7,"minecraft:coal_ore":36,"minecraft:gravel":34,"minecraft:deepslate_brick_stairs":1,"minecraft:dirt":4,"dynamictrees:jungle_undergrowth_leaves":27,"minecraft:cobweb":14,"minecraft:stone":121,"minecraft:fern":2,"minecraft:orange_bed":1},"minecraft:used":{"dynamictrees:cocoa_seed":1,"minecraft:stone_shovel":77,"minecraft:stone_pickaxe":67,"minecraft:decorated_pot":1,"minecraft:chest":1,"minecraft:wooden_pickaxe":6,"minecraft:iron_sword":7,"dynamictrees:oak_seed":3,"minecraft:orange_bed":1,"minecraft:dirt":43,"minecraft:crafting_table":9,"minecraft:red_bed":6,"some_assembly_required:sandwich":7,"minecraft:wooden_axe":1,"soul_like_armors_reworked:dagger":72,"minecraft:iron_axe":78,"minecraft:bread":29,"minecraft:iron_pickaxe":130,"delightful:cantaloupe_slice":7,"minecraft:stone_axe":34,"minecraft:furnace":2},"minecraft:crafted":{"minecraft:cocoa_beans":3,"delightful:cantaloupe_slice":9,"minecraft:oak_planks":16,"minecraft:stone_shovel":1,"minecraft:crafting_table":1,"minecraft:wooden_pickaxe":1,"minecraft:iron_sword":1,"minecraft:furnace":1,"minecraft:stone_axe":1,"minecraft:shield":1,"minecraft:iron_axe":1,"minecraft:stick":16,"quark:oak_chest":1,"minecraft:stone_pickaxe":1,"minecraft:wooden_axe":2,"minecraft:chest":1,"minecraft:acacia_planks":20}},"DataVersion":3465}