{"stats":{"minecraft:custom":{"minecraft:mob_kills":16,"minecraft:animals_bred":5,"minecraft:interact_with_crafting_table":28,"minecraft:open_barrel":24,"minecraft:damage_dealt_resisted":179,"minecraft:leave_game":4,"minecraft:time_since_death":29164,"minecraft:climb_one_cm":42294,"minecraft:damage_resisted":73,"minecraft:sprint_one_cm":458339,"champions:champion_mobs_killed":9,"minecraft:walk_one_cm":693383,"minecraft:damage_blocked_by_shield":200,"minecraft:drop":1,"minecraft:talked_to_villager":1,"minecraft:play_time":171041,"minecraft:deaths":1,"minecraft:sneak_time":5663,"minecraft:walk_under_water_one_cm":24814,"minecraft:jump":2659,"minecraft:interact_with_blast_furnace":1,"minecraft:walk_on_water_one_cm":33384,"minecraft:total_world_time":171041,"minecraft:interact_with_furnace":12,"minecraft:tune_noteblock":6,"minecraft:sleep_in_bed":12,"minecraft:time_since_rest":15883,"minecraft:waystone_activated":2,"minecraft:damage_taken":3087,"minecraft:damage_dealt":3399,"minecraft:swim_one_cm":55726,"minecraft:fly_one_cm":508722,"minecraft:open_chest":76,"minecraft:crouch_one_cm":11421,"tombstone:undead_killed":7,"minecraft:interact_with_smoker":1,"minecraft:fall_one_cm":87029},"minecraft:picked_up":{"minecraft:crafting_table":8,"minecraft:wheat":28,"minecraft:chainmail_boots":1,"bloodandmadness:twin_blood_stone_shards":1,"butcher:rope":1,"butcher:cowcorpseitem":5,"butcher:raw_sirloin_steak":1,"minecraft:string":14,"minecraft:red_bed":7,"minecraft:moss_carpet":3,"minecraft:raw_copper":84,"untamedwilds:flora_water_hyacinth_item":5,"minecraft:beef":4,"dynamictrees:oak_seed":15,"minecraft:sugar_cane":4,"delightful:green_tea_leaf":7,"dynamictrees:cocoa_seed":4,"minecraft:furnace":1,"knightlib:small_essence":4,"minecraft:raw_iron":18,"minecraft:stick":47,"butcher:bloodgrate":1,"minecraft:torch":12,"minecraft:acacia_log":5,"farmersdelight:tomato_seeds":3,"soul_like_armors_reworked:estusflask":2,"hexerei:sage_seed":1,"minecraft:orange_bed":1,"minecraft:rotten_flesh":6,"minecraft:decorated_pot":1,"minecraft:pumpkin_pie":2,"create:ochrum":5,"swem:alfalfa_seeds":2,"bloodandmadness:sanguisteel_nugget":1,"supplementaries:ash":1,"minecraft:deepslate_brick_stairs":1,"minecraft:glow_berries":1,"alexsmobs:flying_fish":12,"minecraft:cobblestone":145,"minecraft:feather":2,"minecraft:jungle_log":2,"minecraft:andesite":34,"swem:star_worm":14,"minecraft:leather":4,"samurai_dynasty:jade":2,"minecraft:flint":1,"delightful:cantaloupe":3,"create:raw_zinc":27,"minecraft:oak_log":15,"minecraft:cobbled_deepslate_stairs":1,"minecraft:gunpowder":2,"minecraft:dirt":71,"brewery:hops_seeds":6,"butcher:cow_skin":2,"minecraft:bone":3,"butcher:raw_ribeye_steak":1,"minecraft:wheat_seeds":80,"butcher:raw_tbone_steak":1,"tombstone:bag_of_seeds":1,"butcher:raw_chuck_steak":1,"swem:oat_seeds":1,"minecraft:moss_block":5,"minecraft:oak_planks":3,"butcher:cow_headf":2,"hexerei:animal_fat":2,"minecraft:sweet_berries":23,"swem:cantazarite":33,"butcher:raw_rump_steak":1,"minecraft:gravel":32,"soul_like_armors_reworked:dark_knight_leggings":1,"butcher:cowhoof":4,"minecraft:chainmail_leggings":1,"dynamictrees:jungle_seed":5,"untamedwilds:hide_golden":3,"butcher:rope_2":2,"minecraft:bone_meal":1,"minecraft:emerald":1,"minecraft:coal":64,"iceandfire:raw_silver":7},"minecraft:killed":{"enemyexpansion:vampbiter":1,"alexsmobs:seagull":1,"enemyexpansion:direwolf":1,"minecraft:skeleton":1,"graveyard:ghoul":1,"enemyexpansion:sprinter":2,"untamedwilds:big_cat":1,"minecraft:pillager":2,"minecraft:zombie":2,"minecraft:cow":3},"minecraft:mined":{"create:zinc_ore":27,"iceandfire:silver_ore":7,"butcher:bloodgrate":1,"minecraft:cobbled_deepslate_stairs":1,"swem:cantazarite_ore":5,"minecraft:acacia_log":5,"minecraft:grass_block":49,"minecraft:decorated_pot":1,"butcher:cow_headf":1,"create:ochrum":5,"minecraft:deepslate_bricks":1,"minecraft:moss_block":5,"butcher:rope":1,"minecraft:furnace":1,"dynamictrees:oak_undergrowth_leaves":43,"minecraft:iron_ore":18,"minecraft:fire":8,"minecraft:andesite":35,"minecraft:moss_carpet":1,"minecraft:deepslate_brick_stairs":1,"dynamictrees:jungle_undergrowth_leaves":27,"minecraft:stone":147,"minecraft:orange_bed":1,"untamedwilds:flora_water_hyacinth":5,"brewery:wild_hops":3,"minecraft:red_bed":7,"minecraft:crafting_table":8,"minecraft:torch":3,"dynamictrees:cocoa":3,"delightful:pumpkin_pie":1,"samurai_dynasty:jade_ore":2,"swem:star_worm_cobble":4,"minecraft:copper_ore":26,"minecraft:tall_grass":7,"farmersdelight:wild_tomatoes":3,"minecraft:oak_planks":3,"butcher:cowcorpse":2,"minecraft:sugar_cane":1,"minecraft:wall_torch":8,"minecraft:coarse_dirt":1,"delightful:cantaloupe":3,"dynamictrees:cocoa_sapling":1,"dtterralith:oak_twiglet_leaves":4,"dtterralith:acacia_twiglet_leaves":2,"butcher:hanging_cow_corpse":1,"minecraft:grass":12,"butcher:rope_2":2,"minecraft:coal_ore":64,"minecraft:oak_log":2,"minecraft:gravel":34,"minecraft:dirt":22,"minecraft:cobweb":14,"minecraft:fern":2},"minecraft:broken":{"minecraft:iron_pickaxe":1},"minecraft:used":{"minecraft:stone_shovel":101,"dynamictrees:cocoa_seed":1,"minecraft:decorated_pot":1,"minecraft:chest":1,"minecraft:shield":2,"minecraft:iron_sword":37,"dynamictrees:oak_seed":3,"minecraft:orange_bed":1,"minecraft:torch":16,"minecraft:dirt":63,"butcher:cowcorpseitem":11,"minecraft:wooden_axe":1,"soul_like_armors_reworked:dagger":72,"butcher:cow_headf":1,"minecraft:iron_axe":84,"butcher:bloodgrate":2,"minecraft:furnace":2,"tombstone:gift":1,"minecraft:stone_pickaxe":67,"minecraft:oak_planks":6,"butcher:butchers_knife":4,"minecraft:wooden_pickaxe":6,"butcher:rope_2":2,"butcher:rope":2,"minecraft:crafting_table":9,"minecraft:red_bed":6,"some_assembly_required:sandwich":11,"tombstone:bag_of_seeds":1,"minecraft:oak_log":2,"minecraft:bread":32,"minecraft:iron_pickaxe":299,"delightful:cantaloupe_slice":7,"tombstone:grave_key":1,"minecraft:stone_axe":34},"minecraft:dropped":{"butcher:cowcorpseitem":1},"minecraft:crafted":{"minecraft:cocoa_beans":3,"butcher:bloodgrate":1,"delightful:cantaloupe_slice":9,"minecraft:oak_planks":36,"minecraft:stone_shovel":1,"minecraft:iron_nugget":18,"butcher:rope":1,"minecraft:furnace":1,"minecraft:iron_bars":16,"minecraft:iron_axe":1,"minecraft:stone_pickaxe":1,"minecraft:chest":2,"sophisticatedbackpacks:backpack":1,"minecraft:crafting_table":1,"minecraft:wooden_pickaxe":1,"minecraft:iron_sword":1,"butcher:skinning_knife":1,"minecraft:stone_axe":1,"minecraft:air":0,"minecraft:shield":1,"quark:oak_chest":2,"minecraft:stick":16,"butcher:hook":1,"minecraft:iron_ingot":18,"minecraft:wooden_axe":2,"butcher:butchers_knife":1,"minecraft:acacia_planks":20,"minecraft:torch":12}},"DataVersion":3465}