{"stats":{"minecraft:picked_up":{"minecraft:wooden_axe":1,"minecraft:crafting_table":7,"minecraft:wheat":33,"minecraft:chicken":1,"simplehats:hatbag_rare":1,"minecraft:clay_ball":8,"minecraft:brown_bed":1,"minecraft:enchanted_book":3,"minecraft:golden_sword":1,"minecraft:shield":6,"simplehats:clockface":1,"hexerei:crystal_ball":1,"minecraft:item_frame":4,"minecraft:armor_stand":1,"iceandfire:bestiary":1,"minecraft:spruce_planks":2,"minecraft:player_head":2,"dynamictrees:oak_seed":4,"cataclysm:khopesh":1,"delightful:green_tea_leaf":3,"minecraft:coal_block":1,"minecraft:furnace":2,"knightlib:small_essence":7,"apotheosis:gem":3,"minecraft:stick":52,"minecraft:raw_iron":4,"minecraft:sandstone":75,"iceandfire:dragonbone":26,"simplehats:hatbag_common":2,"minecraft:torch":3,"ironchest:iron_chest":1,"hexerei:belladonna_flowers":2,"hexerei:coffer":2,"minecraft:pointed_dripstone":4,"tombstone:grave_dust":5,"hexerei:belladonna_berries":2,"simplehats:bigcrown":2,"minecraft:golden_chestplate":2,"minecraft:cauldron":1,"minecraft:purple_terracotta":2,"minecraft:dark_oak_planks":1,"soul_like_armors_reworked:estusflask":4,"hexerei:sage_seed":34,"minecraft:orange_bed":6,"hexerei:mugwort_flowers":3,"minecraft:arrow":22,"minecraft:polished_basalt":7,"minecraft:hay_block":3,"minecraft:yellow_terracotta":2,"hexerei:witch_boots":1,"hexerei:mugwort_leaves":4,"minecraft:stripped_dark_oak_wood":8,"minecraft:mangrove_roots":1,"minecraft:white_terracotta":13,"hexerei:blood_sigil":1,"domum_ornamentum:vanilla_stairs_compat":1,"minecraft:cobblestone":194,"minecraft:birch_log":6,"swem:timothy_seeds":2,"minecraft:magma_block":2,"minecraft:mud_bricks":10,"minecraft:feather":1,"minecraft:cut_sandstone":3,"minecraft:red_mushroom":1,"paraglider:spirit_orb":6,"minecraft:packed_mud":3,"delightful:cantaloupe":5,"minecraft:tuff":10,"create:raw_zinc":1,"minecraft:oak_log":30,"minecraft:golden_boots":1,"hexerei:book_of_shadows_altar":4,"minecraft:dirt":14,"minecraft:orange_terracotta":1,"biomemakeover:crude_cladding":1,"naturalist:bass":1,"cataclysm:koboleton_bone":8,"minecraft:smooth_sandstone":2,"minecraft:bone":19,"minecraft:acacia_planks":2,"hexerei:pestle_and_mortar":1,"dtterralith:cedar_seed":3,"minecraft:wheat_seeds":17,"simplehats:hatbag_uncommon":2,"minecraft:moss_block":29,"minecraft:oak_planks":14,"minecraft:flowering_azalea":3,"hexerei:yellow_dock_flowers":3,"minecraft:red_sandstone_wall":3,"patchouli:guide_book":2,"minecraft:lime_terracotta":2,"iceandfire:dragon_skull_fire":1,"minecraft:sand":13,"hexerei:sage":45,"minecraft:cyan_bed":17,"hexerei:yellow_dock_leaves":4,"alexsmobs:animal_dictionary":1,"hexerei:mahogany_slab":2,"minecraft:bundle":4,"minecraft:light_gray_terracotta":8,"minecraft:mangrove_wood":13,"hexerei:herb_jar":8,"cataclysm:ancient_metal_ingot":1,"cataclysm:ancient_metal_nugget":4,"minecraft:emerald":1,"pfm:furniture_book":1,"tombstone:magic_scroll":1,"minecraft:coal":18},"minecraft:mined":{"minecraft:dark_oak_planks":1,"create:zinc_ore":1,"hexerei:herb_jar":5,"minecraft:spruce_planks":2,"minecraft:tuff":10,"minecraft:mangrove_roots":1,"minecraft:purple_terracotta":2,"minecraft:smooth_red_sandstone_stairs":3,"minecraft:grass_block":9,"minecraft:coal_block":1,"minecraft:mud_bricks":5,"minecraft:moss_block":29,"minecraft:red_mushroom":1,"minecraft:sandstone":78,"minecraft:spawner":4,"dynamictrees:oak_leaves":52,"minecraft:hay_block":3,"coffee_delight:coffee_bush":2,"minecraft:magma_block":2,"minecraft:packed_mud":3,"minecraft:furnace":2,"hexerei:crystal_ball":1,"minecraft:polished_basalt":7,"minecraft:iron_ore":4,"minecraft:fire":2,"minecraft:stripped_dark_oak_wood":7,"minecraft:brown_bed":1,"minecraft:pointed_dripstone":2,"minecraft:deepslate_iron_ore":1,"minecraft:iron_bars":6,"ironchest:iron_chest":1,"minecraft:stone":138,"domum_ornamentum:vanilla_stairs_compat":1,"minecraft:orange_bed":6,"minecraft:cut_sandstone":3,"minecraft:flowering_azalea":3,"minecraft:glass_pane":2,"minecraft:orange_terracotta":1,"minecraft:clay":2,"minecraft:mangrove_wood":13,"minecraft:smooth_sandstone":8,"minecraft:crafting_table":7,"hexerei:book_of_shadows_altar":4,"minecraft:torch":1,"minecraft:light_gray_terracotta":8,"dynamictrees:acacia_leaves":1,"hexerei:mahogany_slab":2,"minecraft:cobblestone":15,"minecraft:deepslate_coal_ore":12,"minecraft:cyan_bed":17,"minecraft:oak_planks":14,"minecraft:cauldron":1,"minecraft:white_terracotta":13,"dtterralith:oak_scruffy_leaves":1,"farmersdelight:sandy_shrub":1,"minecraft:birch_log":6,"delightful:cantaloupe":5,"minecraft:coal_ore":6,"minecraft:grass":4,"minecraft:red_sandstone_wall":3,"minecraft:oak_log":7,"minecraft:lime_terracotta":2,"minecraft:sand":14,"minecraft:dirt":6,"hexerei:willow_stairs":1,"minecraft:cobweb":1,"minecraft:acacia_planks":5,"minecraft:infested_stone":2,"minecraft:fern":1,"minecraft:yellow_terracotta":1},"minecraft:killed_by":{"minecraft:skeleton":2},"minecraft:broken":{"cataclysm:khopesh":1},"minecraft:killed":{"minecraft:skeleton":16,"minecraft:chicken":1,"naturalist:bass":2,"minecraft:silverfish":6,"cataclysm:koboleton":6,"minecraft:creeper":1,"minecraft:pillager":1,"minecraft:zombie":1,"enemyexpansion:botfly":3},"minecraft:dropped":{"simplehats:bigcrown":1,"minecraft:wheat_seeds":6,"minecraft:yellow_terracotta":1,"minecraft:cobblestone":44,"minecraft:feather":1,"minecraft:stripped_dark_oak_wood":1,"minecraft:wheat":2,"minecraft:mud_bricks":5,"minecraft:arrow":5,"hexerei:coffer":1},"minecraft:custom":{"minecraft:interact_with_smithing_table":1,"minecraft:mob_kills":40,"minecraft:interact_with_crafting_table":12,"minecraft:open_barrel":8,"minecraft:damage_dealt_resisted":0,"minecraft:leave_game":1,"minecraft:time_since_death":200906,"minecraft:climb_one_cm":10574,"minecraft:damage_resisted":55,"minecraft:sprint_one_cm":365182,"champions:champion_mobs_killed":34,"minecraft:walk_one_cm":520376,"minecraft:damage_blocked_by_shield":850,"minecraft:drop":11,"minecraft:play_time":229137,"minecraft:deaths":3,"minecraft:sneak_time":8513,"minecraft:walk_under_water_one_cm":12772,"minecraft:jump":3328,"minecraft:interact_with_blast_furnace":1,"minecraft:walk_on_water_one_cm":41806,"minecraft:total_world_time":229137,"minecraft:interact_with_furnace":5,"minecraft:sleep_in_bed":14,"minecraft:time_since_rest":31480,"minecraft:waystone_activated":1,"minecraft:damage_absorbed":40,"minecraft:damage_taken":4605,"minecraft:damage_dealt":6809,"minecraft:swim_one_cm":64495,"minecraft:fly_one_cm":622925,"minecraft:open_chest":71,"minecraft:crouch_one_cm":9873,"tombstone:undead_killed":23,"minecraft:fall_one_cm":110276},"minecraft:crafted":{"delightful:cantaloupe_slice":15,"minecraft:oak_planks":116,"minecraft:coal":9,"minecraft:furnace":1,"minecraft:stone_pickaxe":1,"minecraft:wheat":27,"ironchest:wood_to_iron_chest_upgrade":1,"minecraft:crafting_table":1,"minecraft:wooden_pickaxe":1,"minecraft:mangrove_planks":12,"minecraft:stone_axe":1,"minecraft:bread":9,"minecraft:air":0,"quark:oak_chest":1,"minecraft:iron_ingot":18,"minecraft:iron_pickaxe":1,"minecraft:wooden_axe":1,"minecraft:gold_ingot":7,"minecraft:torch":52},"minecraft:used":{"ironchest:wood_to_iron_chest_upgrade":1,"minecraft:iron_shovel":61,"minecraft:armor_stand":1,"minecraft:shield":9,"minecraft:white_terracotta":13,"minecraft:iron_sword":170,"soul_like_armors_reworked:estusflask":4,"minecraft:orange_bed":6,"minecraft:torch":46,"hexerei:coffer":1,"minecraft:dirt":11,"minecraft:spyglass":20,"hexerei:herb_jar":6,"ironchest:iron_chest":1,"minecraft:wooden_axe":1,"soul_like_armors_reworked:dagger":4,"minecraft:iron_axe":86,"minecraft:item_frame":4,"hexerei:crystal_ball":1,"minecraft:bow":6,"minecraft:furnace":2,"tombstone:gift":1,"minecraft:orange_terracotta":1,"hexerei:book_of_shadows_altar":4,"minecraft:mangrove_planks":9,"minecraft:stone_pickaxe":34,"minecraft:oak_planks":86,"cataclysm:khopesh":7,"minecraft:wooden_pickaxe":36,"minecraft:sandstone":43,"minecraft:golden_apple":1,"minecraft:crafting_table":7,"some_assembly_required:sandwich":21,"minecolonies:supplychestdeployer":1,"minecraft:oak_log":1,"minecraft:cyan_bed":17,"minecraft:bread":50,"minecraft:iron_pickaxe":310,"tombstone:grave_key":1,"delightful:cantaloupe_slice":7,"minecraft:stone_axe":2,"minecraft:cobblestone":69,"quark:oak_chest":1}},"DataVersion":3465}