{
  "idas:idas_root": {
    "criteria": {
      "always": "2024-10-23 05:12:43 +0000"
    },
    "done": true
  },
  "takesapillage:root": {
    "criteria": {
      "always": "2024-10-23 05:12:43 +0000"
    },
    "done": true
  },
  "butcher:firstjoinadvancement": {
    "criteria": {
      "firstjoinadvancement_0": "2024-10-23 05:12:43 +0000"
    },
    "done": true
  },
  "tombstone:adventure/halloween": {
    "criteria": {
      "coded_trigger": "2024-10-23 05:12:43 +0000"
    },
    "done": true
  },
  "ars_nouveau:root": {
    "criteria": {
      "ars_nouveau:worn_notebook": "2024-10-23 05:12:43 +0000"
    },
    "done": true
  },
  "create:root": {
    "criteria": {
      "0": "2024-10-23 05:12:43 +0000"
    },
    "done": true
  },
  "simplyswords:grant_book_on_first_join": {
    "criteria": {
      "tick": "2024-10-23 05:12:43 +0000"
    },
    "done": true
  },
  "naturescompass:natures_compass": {
    "criteria": {
      "has_recipe": "2024-10-23 05:12:43 +0000"
    },
    "done": true
  },
  "mowziesmobs:root": {
    "criteria": {
      "custom_test_name": "2024-10-23 05:12:43 +0000"
    },
    "done": true
  },
  "cataclysm:root": {
    "criteria": {
      "custom_test_name": "2024-10-23 05:12:43 +0000"
    },
    "done": true
  },
  "pfm:grant_book_on_first_join": {
    "criteria": {
      "tick": "2024-10-23 05:12:43 +0000"
    },
    "done": true
  },
  "incendium:technical/new_player": {
    "criteria": {
      "requirement": "2024-10-23 05:12:43 +0000"
    },
    "done": true
  },
  "iceandfire:iceandfire/root": {
    "criteria": {
      "tick": "2024-10-23 05:12:43 +0000"
    },
    "done": true
  },
  "dungeons_arise:wda_root": {
    "criteria": {
      "WDA": "2024-10-23 05:12:43 +0000"
    },
    "done": true
  },
  "farmersdelight:main/root": {
    "criteria": {
      "seeds": "2024-10-23 05:12:43 +0000"
    },
    "done": true
  },
  "naturescompass:natures_compass_log": {
    "criteria": {
      "has_recipe": "2024-10-23 05:12:43 +0000"
    },
    "done": true
  },
  "brewery:main/root": {
    "criteria": {
      "seeds": "2024-10-23 05:12:43 +0000"
    },
    "done": true
  },
  "naturescompass:natures_compass_sapling": {
    "criteria": {
      "has_recipe": "2024-10-23 05:12:43 +0000"
    },
    "done": true
  },
  "betterdungeons:root": {
    "criteria": {
      "always": "2024-10-23 05:12:43 +0000"
    },
    "done": true
  },
  "apotheosis:give_book": {
    "criteria": {
      "tick": "2024-10-23 05:12:43 +0000"
    },
    "done": true
  },
  "incendium:technical/scroll_of_returning": {
    "criteria": {
      "log_spam_fixer": "2024-10-23 05:12:44 +0000"
    },
    "done": false
  },
  "incendium:technical/using/ragnarok": {
    "criteria": {
      "log_spam_fixer": "2024-10-23 05:12:44 +0000"
    },
    "done": false
  },
  "incendium:technical/using/trailblazer": {
    "criteria": {
      "log_spam_fixer": "2024-10-23 05:12:44 +0000"
    },
    "done": false
  },
  "minecraft:adventure/adventuring_time": {
    "criteria": {
      "minecraft:beach": "2024-10-23 05:12:44 +0000",
      "minecraft:mangrove_swamp": "2024-10-23 05:25:32 +0000",
      "minecraft:sparse_jungle": "2024-10-23 05:31:42 +0000",
      "minecraft:lukewarm_ocean": "2024-10-23 05:33:52 +0000",
      "minecraft:river": "2024-10-23 05:30:27 +0000",
      "minecraft:swamp": "2024-10-23 07:08:34 +0000",
      "minecraft:desert": "2024-10-23 05:55:35 +0000",
      "minecraft:windswept_forest": "2024-10-23 07:03:28 +0000",
      "minecraft:jungle": "2024-10-23 06:56:23 +0000",
      "minecraft:windswept_savanna": "2024-10-23 05:30:30 +0000",
      "minecraft:savanna": "2024-10-23 05:36:46 +0000"
    },
    "done": false
  },
  "incendium:technical/using/shield": {
    "criteria": {
      "log_spam_fixer": "2024-10-23 05:12:44 +0000"
    },
    "done": false
  },
  "tombstone:adventure/root": {
    "criteria": {
      "auto": "2024-10-23 05:12:44 +0000"
    },
    "done": true
  },
  "betterdungeons:all_dungeons": {
    "criteria": {
      "in_better_spider_dungeon": "2024-10-23 05:14:00 +0000"
    },
    "done": false
  },
  "betterdungeons:spider_dungeon": {
    "criteria": {
      "in_better_spider_dungeon": "2024-10-23 05:14:00 +0000"
    },
    "done": true
  },
  "minecraft:husbandry/root": {
    "criteria": {
      "consumed_item": "2024-10-23 05:17:39 +0000"
    },
    "done": true
  },
  "tombstone:adventure/first_grave": {
    "criteria": {
      "coded_trigger": "2024-10-23 05:19:56 +0000"
    },
    "done": true
  },
  "tombstone:recipes/from_grave_key": {
    "criteria": {
      "has_ingredient": "2024-10-23 05:20:28 +0000"
    },
    "done": true
  },
  "tombstone:adventure/enchant_grave_key": {
    "criteria": {
      "has_upgraded_grave_key": "2024-10-23 05:20:28 +0000"
    },
    "done": true
  },
  "tombstone:adventure/first_knowledge": {
    "criteria": {
      "coded_trigger": "2024-10-23 05:20:36 +0000"
    },
    "done": true
  },
  "tombstone:adventure/teleport_to_grave": {
    "criteria": {
      "coded_trigger": "2024-10-23 05:20:36 +0000"
    },
    "done": true
  },
  "immersive_armors:recipes/misc/wooden": {
    "criteria": {
      "has_item": "2024-10-23 05:20:41 +0000"
    },
    "done": true
  },
  "minecraft:recipes/woodcutting/oak/oak_planks_from_oak_log_woodcutting": {
    "criteria": {
      "give_recipe": "2024-10-23 05:20:41 +0000"
    },
    "done": true
  },
  "minecraft:recipes/woodcutting/oak/stripped_oak_log_from_oak_log_woodcutting": {
    "criteria": {
      "give_recipe": "2024-10-23 05:20:41 +0000"
    },
    "done": true
  },
  "minecraft:recipes/woodcutting/oak/oak_pressure_plate_from_oak_planks_woodcutting": {
    "criteria": {
      "give_recipe": "2024-10-23 05:21:09 +0000"
    },
    "done": true
  },
  "minecraft:recipes/woodcutting/oak/chest_from_oak_planks_woodcutting": {
    "criteria": {
      "give_recipe": "2024-10-23 05:21:09 +0000"
    },
    "done": true
  },
  "minecraft:recipes/woodcutting/oak/oak_button_from_oak_planks_woodcutting": {
    "criteria": {
      "give_recipe": "2024-10-23 05:21:09 +0000"
    },
    "done": true
  },
  "minecraft:recipes/woodcutting/oak/oak_sign_from_oak_planks_woodcutting": {
    "criteria": {
      "give_recipe": "2024-10-23 05:21:09 +0000"
    },
    "done": true
  },
  "minecraft:recipes/woodcutting/oak/oak_slab_from_oak_planks_woodcutting": {
    "criteria": {
      "give_recipe": "2024-10-23 05:21:09 +0000"
    },
    "done": true
  },
  "minecraft:recipes/woodcutting/oak/oak_trapdoor_from_oak_planks_woodcutting": {
    "criteria": {
      "give_recipe": "2024-10-23 05:21:09 +0000"
    },
    "done": true
  },
  "pfm:recipes/root": {
    "criteria": {
      "has_planks": "2024-10-23 05:21:09 +0000"
    },
    "done": true
  },
  "minecraft:recipes/woodcutting/oak/oak_door_from_oak_planks_woodcutting": {
    "criteria": {
      "give_recipe": "2024-10-23 05:21:09 +0000"
    },
    "done": true
  },
  "minecraft:recipes/woodcutting/oak/barrel_from_oak_planks_woodcutting": {
    "criteria": {
      "give_recipe": "2024-10-23 05:21:09 +0000"
    },
    "done": true
  },
  "minecraft:recipes/woodcutting/oak/oak_fence_gate_from_oak_planks_woodcutting": {
    "criteria": {
      "give_recipe": "2024-10-23 05:21:09 +0000"
    },
    "done": true
  },
  "minecraft:recipes/woodcutting/oak/oak_stairs_from_oak_planks_woodcutting": {
    "criteria": {
      "give_recipe": "2024-10-23 05:21:09 +0000"
    },
    "done": true
  },
  "minecraft:recipes/woodcutting/oak/oak_fence_from_oak_planks_woodcutting": {
    "criteria": {
      "give_recipe": "2024-10-23 05:21:09 +0000"
    },
    "done": true
  },
  "minecraft:recipes/woodcutting/oak/oak_chest_boat_from_oak_planks_woodcutting": {
    "criteria": {
      "give_recipe": "2024-10-23 05:21:09 +0000"
    },
    "done": true
  },
  "minecraft:recipes/woodcutting/oak/crafting_table_from_oak_planks_woodcutting": {
    "criteria": {
      "give_recipe": "2024-10-23 05:21:09 +0000"
    },
    "done": true
  },
  "minecraft:recipes/woodcutting/oak/oak_boat_from_oak_planks_woodcutting": {
    "criteria": {
      "give_recipe": "2024-10-23 05:21:09 +0000"
    },
    "done": true
  },
  "paraglider:root": {
    "criteria": {
      "crafting_table": "2024-10-23 05:21:17 +0000"
    },
    "done": true
  },
  "aquamirae:adventure/root": {
    "criteria": {
      "crafting_table": "2024-10-23 05:21:17 +0000"
    },
    "done": true
  },
  "minecraft:story/root": {
    "criteria": {
      "crafting_table": "2024-10-23 05:21:17 +0000"
    },
    "done": true
  },
  "minecraft:story/mine_stone": {
    "criteria": {
      "get_stone": "2024-10-23 05:22:45 +0000"
    },
    "done": true
  },
  "minecraft:story/upgrade_tools": {
    "criteria": {
      "stone_pickaxe": "2024-10-23 05:23:47 +0000"
    },
    "done": true
  },
  "biomemakeover:biomemakeover/enter_swamp": {
    "criteria": {
      "enter_swamp1": "2024-10-23 05:25:32 +0000"
    },
    "done": true
  },
  "alexsmobs:alexsmobs/seagull_steal": {
    "criteria": {
      "ex": "2024-10-23 05:27:42 +0000"
    },
    "done": true
  },
  "mutantmonsters:root": {
    "criteria": {
      "killed_something": "2024-10-23 05:31:52 +0000"
    },
    "done": true
  },
  "minecraft:adventure/root": {
    "criteria": {
      "killed_something": "2024-10-23 05:31:52 +0000"
    },
    "done": true
  },
  "minecraft:adventure/sleep_in_bed": {
    "criteria": {
      "slept_in_bed": "2024-10-23 05:39:14 +0000"
    },
    "done": true
  },
  "minecraft:story/iron_tools": {
    "criteria": {
      "iron_pickaxe": "2024-10-23 05:39:33 +0000"
    },
    "done": true
  },
  "apotheosis:affix/root": {
    "criteria": {
      "sword": "2024-10-23 05:39:33 +0000"
    },
    "done": true
  },
  "apotheosis:affix/chests": {
    "criteria": {
      "sword": "2024-10-23 05:39:33 +0000"
    },
    "done": true
  },
  "minecraft:husbandry/balanced_diet": {
    "criteria": {
      "bread": "2024-10-23 05:40:23 +0000",
      "golden_apple": "2024-10-23 06:26:38 +0000"
    },
    "done": false
  },
  "some_assembly_required:obtain_sandwich": {
    "criteria": {
      "obtain_sandwich": "2024-10-23 05:40:37 +0000"
    },
    "done": true
  },
  "minecraft:story/obtain_armor": {
    "criteria": {
      "iron_helmet": "2024-10-23 05:40:45 +0000"
    },
    "done": true
  },
  "apotheosis:affix/rare": {
    "criteria": {
      "sword": "2024-10-23 05:41:22 +0000"
    },
    "done": true
  },
  "iceandfire:iceandfire/bestiary": {
    "criteria": {
      "bestiary": "2024-10-23 05:46:51 +0000"
    },
    "done": true
  },
  "minecraft:adventure/kill_all_mobs": {
    "criteria": {
      "minecraft:pillager": "2024-10-23 05:59:29 +0000",
      "minecraft:skeleton": "2024-10-23 06:48:08 +0000",
      "minecraft:creeper": "2024-10-23 16:58:00 +0000",
      "minecraft:silverfish": "2024-10-23 16:00:51 +0000",
      "minecraft:zombie": "2024-10-23 16:44:35 +0000"
    },
    "done": false
  },
  "minecraft:adventure/kill_a_mob": {
    "criteria": {
      "minecraft:pillager": "2024-10-23 05:59:29 +0000"
    },
    "done": true
  },
  "knightquest:knightquest": {
    "criteria": {
      "requirement": "2024-10-23 05:59:38 +0000"
    },
    "done": true
  },
  "biomemakeover:biomemakeover/crude_cladding": {
    "criteria": {
      "get_disc": "2024-10-23 05:59:39 +0000"
    },
    "done": true
  },
  "minecolonies:minecolonies/root": {
    "criteria": {
      "supply_ship_placed": "2024-10-23 06:16:59 +0000"
    },
    "done": true
  },
  "minecolonies:minecraft/craft_supply": {
    "criteria": {
      "supply_ship": "2024-10-23 06:16:59 +0000"
    },
    "done": true
  },
  "minecraft:recipes/woodcutting/acacia/acacia_trapdoor_from_acacia_planks_woodcutting": {
    "criteria": {
      "give_recipe": "2024-10-23 06:17:32 +0000"
    },
    "done": true
  },
  "minecraft:recipes/woodcutting/acacia/acacia_pressure_plate_from_acacia_planks_woodcutting": {
    "criteria": {
      "give_recipe": "2024-10-23 06:17:32 +0000"
    },
    "done": true
  },
  "minecraft:recipes/woodcutting/acacia/acacia_slab_from_acacia_planks_woodcutting": {
    "criteria": {
      "give_recipe": "2024-10-23 06:17:32 +0000"
    },
    "done": true
  },
  "minecraft:recipes/woodcutting/acacia/acacia_door_from_acacia_planks_woodcutting": {
    "criteria": {
      "give_recipe": "2024-10-23 06:17:32 +0000"
    },
    "done": true
  },
  "minecraft:recipes/woodcutting/acacia/acacia_fence_from_acacia_planks_woodcutting": {
    "criteria": {
      "give_recipe": "2024-10-23 06:17:32 +0000"
    },
    "done": true
  },
  "minecraft:recipes/woodcutting/acacia/acacia_stairs_from_acacia_planks_woodcutting": {
    "criteria": {
      "give_recipe": "2024-10-23 06:17:32 +0000"
    },
    "done": true
  },
  "minecraft:recipes/woodcutting/acacia/acacia_chest_boat_from_acacia_planks_woodcutting": {
    "criteria": {
      "give_recipe": "2024-10-23 06:17:32 +0000"
    },
    "done": true
  },
  "minecraft:recipes/woodcutting/acacia/barrel_from_acacia_planks_woodcutting": {
    "criteria": {
      "give_recipe": "2024-10-23 06:17:32 +0000"
    },
    "done": true
  },
  "minecraft:recipes/woodcutting/acacia/acacia_fence_gate_from_acacia_planks_woodcutting": {
    "criteria": {
      "give_recipe": "2024-10-23 06:17:32 +0000"
    },
    "done": true
  },
  "minecraft:recipes/woodcutting/acacia/acacia_sign_from_acacia_planks_woodcutting": {
    "criteria": {
      "give_recipe": "2024-10-23 06:17:32 +0000"
    },
    "done": true
  },
  "minecraft:recipes/woodcutting/acacia/acacia_button_from_acacia_planks_woodcutting": {
    "criteria": {
      "give_recipe": "2024-10-23 06:17:32 +0000"
    },
    "done": true
  },
  "minecraft:recipes/woodcutting/acacia/crafting_table_from_acacia_planks_woodcutting": {
    "criteria": {
      "give_recipe": "2024-10-23 06:17:32 +0000"
    },
    "done": true
  },
  "minecraft:recipes/woodcutting/acacia/chest_from_acacia_planks_woodcutting": {
    "criteria": {
      "give_recipe": "2024-10-23 06:17:32 +0000"
    },
    "done": true
  },
  "minecraft:recipes/woodcutting/acacia/acacia_boat_from_acacia_planks_woodcutting": {
    "criteria": {
      "give_recipe": "2024-10-23 06:17:32 +0000"
    },
    "done": true
  },
  "minecraft:recipes/woodcutting/birch/stripped_birch_log_from_birch_log_woodcutting": {
    "criteria": {
      "give_recipe": "2024-10-23 06:17:47 +0000"
    },
    "done": true
  },
  "minecraft:recipes/woodcutting/birch/birch_planks_from_birch_log_woodcutting": {
    "criteria": {
      "give_recipe": "2024-10-23 06:17:47 +0000"
    },
    "done": true
  },
  "cataclysm:find_cursed_pyramid": {
    "criteria": {
      "pyramid": "2024-10-23 06:19:11 +0000"
    },
    "done": true
  },
  "apotheosis:affix/gem": {
    "criteria": {
      "gem": "2024-10-23 06:21:41 +0000"
    },
    "done": true
  },
  "biomemakeover:biomemakeover/ghost_town": {
    "criteria": {
      "ghost_town": "2024-10-23 06:40:47 +0000"
    },
    "done": true
  },
  "nova_structures:adventure/find_all_illager_structures": {
    "criteria": {
      "illager_camp": "2024-10-23 06:43:46 +0000"
    },
    "done": false
  },
  "minecraft:story/deflect_arrow": {
    "criteria": {
      "deflected_projectile": "2024-10-23 06:48:07 +0000"
    },
    "done": true
  },
  "tombstone:adventure/find_grave_dust": {
    "criteria": {
      "from_undead": "2024-10-23 06:48:08 +0000"
    },
    "done": true
  },
  "tombstone:recipes/from_grave_dust": {
    "criteria": {
      "has_ingredient": "2024-10-23 06:48:08 +0000"
    },
    "done": true
  },
  "immersive_armors:recipes/misc/bone": {
    "criteria": {
      "has_item": "2024-10-23 06:48:09 +0000"
    },
    "done": true
  },
  "minecraft:story/smelt_iron": {
    "criteria": {
      "iron": "2024-10-23 06:54:26 +0000"
    },
    "done": true
  },
  "biomemakeover:biomemakeover/root": {
    "criteria": {
      "enter_swamp": "2024-10-23 07:08:34 +0000"
    },
    "done": true
  },
  "minecraft:recipes/woodcutting/dark_oak/dark_oak_boat_from_dark_oak_planks_woodcutting": {
    "criteria": {
      "give_recipe": "2024-10-23 16:40:50 +0000"
    },
    "done": true
  },
  "minecraft:recipes/woodcutting/dark_oak/dark_oak_sign_from_dark_oak_planks_woodcutting": {
    "criteria": {
      "give_recipe": "2024-10-23 16:40:50 +0000"
    },
    "done": true
  },
  "minecraft:recipes/woodcutting/spruce/spruce_fence_from_spruce_planks_woodcutting": {
    "criteria": {
      "give_recipe": "2024-10-23 16:40:32 +0000"
    },
    "done": true
  },
  "minecraft:recipes/woodcutting/mahogany/mahogany_boat_from_mahogany_slab_woodcutting": {
    "criteria": {
      "give_recipe": "2024-10-23 16:03:22 +0000"
    },
    "done": true
  },
  "minecraft:recipes/woodcutting/mangrove/mangrove_slab_from_mangrove_planks_woodcutting": {
    "criteria": {
      "give_recipe": "2024-10-23 16:43:42 +0000"
    },
    "done": true
  },
  "minecraft:recipes/woodcutting/mahogany/polished_mahogany_boat_from_mahogany_slab_woodcutting": {
    "criteria": {
      "give_recipe": "2024-10-23 16:03:22 +0000"
    },
    "done": true
  },
  "minecraft:recipes/woodcutting/dark_oak/dark_oak_stairs_from_dark_oak_planks_woodcutting": {
    "criteria": {
      "give_recipe": "2024-10-23 16:40:50 +0000"
    },
    "done": true
  },
  "minecraft:recipes/woodcutting/mangrove/mangrove_button_from_mangrove_planks_woodcutting": {
    "criteria": {
      "give_recipe": "2024-10-23 16:43:42 +0000"
    },
    "done": true
  },
  "minecraft:recipes/woodcutting/dark_oak/crafting_table_from_dark_oak_planks_woodcutting": {
    "criteria": {
      "give_recipe": "2024-10-23 16:40:50 +0000"
    },
    "done": true
  },
  "minecraft:recipes/woodcutting/mahogany/polished_mahogany_button_from_mahogany_slab_woodcutting": {
    "criteria": {
      "give_recipe": "2024-10-23 16:03:22 +0000"
    },
    "done": true
  },
  "minecraft:recipes/woodcutting/mahogany/mahogany_chest_from_mahogany_slab_woodcutting": {
    "criteria": {
      "give_recipe": "2024-10-23 16:03:22 +0000"
    },
    "done": true
  },
  "immersive_armors:recipes/misc/slime": {
    "criteria": {
      "has_item": "2024-10-23 16:19:47 +0000"
    },
    "done": true
  },
  "minecraft:recipes/woodcutting/dark_oak/chest_from_dark_oak_planks_woodcutting": {
    "criteria": {
      "give_recipe": "2024-10-23 16:40:50 +0000"
    },
    "done": true
  },
  "minecraft:recipes/woodcutting/dark_oak/dark_oak_planks_from_stripped_dark_oak_wood_woodcutting": {
    "criteria": {
      "give_recipe": "2024-10-23 16:40:32 +0000"
    },
    "done": true
  },
  "dungeons_arise:find_keep_kayra": {
    "criteria": {
      "location0": "2024-10-23 16:40:12 +0000"
    },
    "done": true
  },
  "minecraft:recipes/woodcutting/dark_oak/dark_oak_door_from_dark_oak_planks_woodcutting": {
    "criteria": {
      "give_recipe": "2024-10-23 16:40:50 +0000"
    },
    "done": true
  },
  "minecraft:recipes/woodcutting/spruce/spruce_door_from_spruce_planks_woodcutting": {
    "criteria": {
      "give_recipe": "2024-10-23 16:40:32 +0000"
    },
    "done": true
  },
  "immersive_armors:recipes/misc/divine": {
    "criteria": {
      "has_item": "2024-10-23 16:28:26 +0000"
    },
    "done": true
  },
  "minecraft:adventure/shoot_arrow": {
    "criteria": {
      "shot_arrow": "2024-10-23 16:57:25 +0000"
    },
    "done": true
  },
  "minecraft:recipes/woodcutting/dark_oak/dark_oak_trapdoor_from_dark_oak_planks_woodcutting": {
    "criteria": {
      "give_recipe": "2024-10-23 16:40:50 +0000"
    },
    "done": true
  },
  "minecraft:recipes/woodcutting/mahogany/polished_mahogany_trapdoor_from_mahogany_slab_woodcutting": {
    "criteria": {
      "give_recipe": "2024-10-23 16:03:22 +0000"
    },
    "done": true
  },
  "minecraft:recipes/woodcutting/mahogany/mahogany_stairs_from_mahogany_slab_woodcutting": {
    "criteria": {
      "give_recipe": "2024-10-23 16:03:22 +0000"
    },
    "done": true
  },
  "minecraft:recipes/woodcutting/spruce/spruce_boat_from_spruce_planks_woodcutting": {
    "criteria": {
      "give_recipe": "2024-10-23 16:40:32 +0000"
    },
    "done": true
  },
  "minecraft:recipes/woodcutting/mangrove/barrel_from_mangrove_planks_woodcutting": {
    "criteria": {
      "give_recipe": "2024-10-23 16:43:42 +0000"
    },
    "done": true
  },
  "minecraft:recipes/woodcutting/mahogany/polished_mahogany_stairs_from_mahogany_slab_woodcutting": {
    "criteria": {
      "give_recipe": "2024-10-23 16:03:22 +0000"
    },
    "done": true
  },
  "minecraft:recipes/woodcutting/mahogany/mahogany_trapdoor_from_mahogany_slab_woodcutting": {
    "criteria": {
      "give_recipe": "2024-10-23 16:03:22 +0000"
    },
    "done": true
  },
  "minecraft:recipes/woodcutting/dark_oak/dark_oak_fence_from_dark_oak_planks_woodcutting": {
    "criteria": {
      "give_recipe": "2024-10-23 16:40:50 +0000"
    },
    "done": true
  },
  "minecraft:recipes/woodcutting/mangrove/mangrove_fence_gate_from_mangrove_planks_woodcutting": {
    "criteria": {
      "give_recipe": "2024-10-23 16:43:42 +0000"
    },
    "done": true
  },
  "minecraft:recipes/woodcutting/dark_oak/dark_oak_button_from_dark_oak_planks_woodcutting": {
    "criteria": {
      "give_recipe": "2024-10-23 16:40:50 +0000"
    },
    "done": true
  },
  "minecraft:recipes/woodcutting/dark_oak/dark_oak_fence_gate_from_dark_oak_planks_woodcutting": {
    "criteria": {
      "give_recipe": "2024-10-23 16:40:50 +0000"
    },
    "done": true
  },
  "minecraft:recipes/woodcutting/mahogany/polished_mahogany_pillar_from_mahogany_slab_woodcutting": {
    "criteria": {
      "give_recipe": "2024-10-23 16:03:22 +0000"
    },
    "done": true
  },
  "minecraft:recipes/woodcutting/mahogany/mahogany_connected_from_mahogany_slab_woodcutting": {
    "criteria": {
      "give_recipe": "2024-10-23 16:03:22 +0000"
    },
    "done": true
  },
  "minecraft:recipes/woodcutting/mahogany/mahogany_chest_boat_from_mahogany_slab_woodcutting": {
    "criteria": {
      "give_recipe": "2024-10-23 16:03:22 +0000"
    },
    "done": true
  },
  "champions:kill_a_champion": {
    "criteria": {
      "kill_a_champion": "2024-10-23 16:44:39 +0000"
    },
    "done": true
  },
  "minecraft:recipes/woodcutting/spruce/spruce_stairs_from_spruce_planks_woodcutting": {
    "criteria": {
      "give_recipe": "2024-10-23 16:40:32 +0000"
    },
    "done": true
  },
  "minecraft:recipes/woodcutting/dark_oak/barrel_from_dark_oak_planks_woodcutting": {
    "criteria": {
      "give_recipe": "2024-10-23 16:40:50 +0000"
    },
    "done": true
  },
  "minecraft:recipes/woodcutting/mangrove/mangrove_fence_from_mangrove_planks_woodcutting": {
    "criteria": {
      "give_recipe": "2024-10-23 16:43:42 +0000"
    },
    "done": true
  },
  "minecraft:recipes/woodcutting/mangrove/mangrove_trapdoor_from_mangrove_planks_woodcutting": {
    "criteria": {
      "give_recipe": "2024-10-23 16:43:42 +0000"
    },
    "done": true
  },
  "minecraft:recipes/woodcutting/spruce/spruce_trapdoor_from_spruce_planks_woodcutting": {
    "criteria": {
      "give_recipe": "2024-10-23 16:40:32 +0000"
    },
    "done": true
  },
  "minecraft:recipes/woodcutting/dark_oak/dark_oak_slab_from_dark_oak_planks_woodcutting": {
    "criteria": {
      "give_recipe": "2024-10-23 16:40:50 +0000"
    },
    "done": true
  },
  "minecraft:recipes/woodcutting/spruce/spruce_sign_from_spruce_planks_woodcutting": {
    "criteria": {
      "give_recipe": "2024-10-23 16:40:32 +0000"
    },
    "done": true
  },
  "minecraft:recipes/woodcutting/spruce/barrel_from_spruce_planks_woodcutting": {
    "criteria": {
      "give_recipe": "2024-10-23 16:40:32 +0000"
    },
    "done": true
  },
  "minecraft:recipes/woodcutting/mahogany/polished_mahogany_connected_from_mahogany_slab_woodcutting": {
    "criteria": {
      "give_recipe": "2024-10-23 16:03:22 +0000"
    },
    "done": true
  },
  "minecraft:recipes/woodcutting/dark_oak/dark_oak_pressure_plate_from_dark_oak_planks_woodcutting": {
    "criteria": {
      "give_recipe": "2024-10-23 16:40:50 +0000"
    },
    "done": true
  },
  "minecraft:recipes/woodcutting/mahogany/mahogany_button_from_mahogany_slab_woodcutting": {
    "criteria": {
      "give_recipe": "2024-10-23 16:03:22 +0000"
    },
    "done": true
  },
  "minecraft:recipes/woodcutting/mahogany/polished_mahogany_fence_gate_from_mahogany_slab_woodcutting": {
    "criteria": {
      "give_recipe": "2024-10-23 16:03:22 +0000"
    },
    "done": true
  },
  "minecraft:recipes/woodcutting/mahogany/polished_mahogany_slab_from_mahogany_slab_woodcutting": {
    "criteria": {
      "give_recipe": "2024-10-23 16:03:22 +0000"
    },
    "done": true
  },
  "minecraft:recipes/woodcutting/mangrove/chest_from_mangrove_planks_woodcutting": {
    "criteria": {
      "give_recipe": "2024-10-23 16:43:42 +0000"
    },
    "done": true
  },
  "minecraft:recipes/woodcutting/mahogany/mahogany_pressure_plate_from_mahogany_slab_woodcutting": {
    "criteria": {
      "give_recipe": "2024-10-23 16:03:22 +0000"
    },
    "done": true
  },
  "minecraft:recipes/woodcutting/mahogany/mahogany_fence_from_mahogany_slab_woodcutting": {
    "criteria": {
      "give_recipe": "2024-10-23 16:03:22 +0000"
    },
    "done": true
  },
  "minecraft:recipes/woodcutting/mahogany/crafting_table_from_mahogany_slab_woodcutting": {
    "criteria": {
      "give_recipe": "2024-10-23 16:03:22 +0000"
    },
    "done": true
  },
  "minecraft:recipes/woodcutting/mahogany/polished_mahogany_fence_from_mahogany_slab_woodcutting": {
    "criteria": {
      "give_recipe": "2024-10-23 16:03:22 +0000"
    },
    "done": true
  },
  "minecraft:recipes/woodcutting/mahogany/polished_mahogany_chest_boat_from_mahogany_slab_woodcutting": {
    "criteria": {
      "give_recipe": "2024-10-23 16:03:22 +0000"
    },
    "done": true
  },
  "minecraft:recipes/woodcutting/mangrove/mangrove_planks_from_mangrove_wood_woodcutting": {
    "criteria": {
      "give_recipe": "2024-10-23 16:40:30 +0000"
    },
    "done": true
  },
  "minecraft:recipes/woodcutting/spruce/crafting_table_from_spruce_planks_woodcutting": {
    "criteria": {
      "give_recipe": "2024-10-23 16:40:32 +0000"
    },
    "done": true
  },
  "minecraft:recipes/woodcutting/spruce/spruce_pressure_plate_from_spruce_planks_woodcutting": {
    "criteria": {
      "give_recipe": "2024-10-23 16:40:32 +0000"
    },
    "done": true
  },
  "minecraft:recipes/woodcutting/mahogany/polished_mahogany_layered_from_mahogany_slab_woodcutting": {
    "criteria": {
      "give_recipe": "2024-10-23 16:03:22 +0000"
    },
    "done": true
  },
  "minecraft:recipes/woodcutting/mahogany/mahogany_door_from_mahogany_slab_woodcutting": {
    "criteria": {
      "give_recipe": "2024-10-23 16:03:22 +0000"
    },
    "done": true
  },
  "minecraft:recipes/woodcutting/mahogany/polished_mahogany_door_from_mahogany_slab_woodcutting": {
    "criteria": {
      "give_recipe": "2024-10-23 16:03:22 +0000"
    },
    "done": true
  },
  "minecraft:recipes/woodcutting/spruce/spruce_fence_gate_from_spruce_planks_woodcutting": {
    "criteria": {
      "give_recipe": "2024-10-23 16:40:32 +0000"
    },
    "done": true
  },
  "minecraft:recipes/woodcutting/mangrove/stripped_mangrove_wood_from_mangrove_wood_woodcutting": {
    "criteria": {
      "give_recipe": "2024-10-23 16:40:30 +0000"
    },
    "done": true
  },
  "minecraft:recipes/woodcutting/spruce/spruce_chest_boat_from_spruce_planks_woodcutting": {
    "criteria": {
      "give_recipe": "2024-10-23 16:40:32 +0000"
    },
    "done": true
  },
  "minecraft:recipes/woodcutting/dark_oak/dark_oak_chest_boat_from_dark_oak_planks_woodcutting": {
    "criteria": {
      "give_recipe": "2024-10-23 16:40:50 +0000"
    },
    "done": true
  },
  "minecraft:recipes/woodcutting/mangrove/mangrove_door_from_mangrove_planks_woodcutting": {
    "criteria": {
      "give_recipe": "2024-10-23 16:43:42 +0000"
    },
    "done": true
  },
  "minecraft:recipes/woodcutting/mangrove/mangrove_boat_from_mangrove_planks_woodcutting": {
    "criteria": {
      "give_recipe": "2024-10-23 16:43:42 +0000"
    },
    "done": true
  },
  "minecraft:recipes/woodcutting/mahogany/mahogany_fence_gate_from_mahogany_slab_woodcutting": {
    "criteria": {
      "give_recipe": "2024-10-23 16:03:22 +0000"
    },
    "done": true
  },
  "minecraft:recipes/woodcutting/mahogany/mahogany_sign_from_mahogany_slab_woodcutting": {
    "criteria": {
      "give_recipe": "2024-10-23 16:03:22 +0000"
    },
    "done": true
  },
  "minecraft:recipes/woodcutting/mahogany/mahogany_planks_from_mahogany_slab_woodcutting": {
    "criteria": {
      "give_recipe": "2024-10-23 16:03:22 +0000"
    },
    "done": true
  },
  "artifacts:amateur_archaeologist": {
    "criteria": {
      "find_artifact": "2024-10-23 16:20:47 +0000"
    },
    "done": true
  },
  "minecraft:recipes/woodcutting/mahogany/barrel_from_mahogany_slab_woodcutting": {
    "criteria": {
      "give_recipe": "2024-10-23 16:03:22 +0000"
    },
    "done": true
  },
  "minecraft:recipes/woodcutting/mangrove/mangrove_sign_from_mangrove_planks_woodcutting": {
    "criteria": {
      "give_recipe": "2024-10-23 16:43:42 +0000"
    },
    "done": true
  },
  "modulargolems:golems/root": {
    "criteria": {
      "0": "2024-10-23 16:43:31 +0000"
    },
    "done": true
  },
  "minecraft:recipes/woodcutting/spruce/spruce_button_from_spruce_planks_woodcutting": {
    "criteria": {
      "give_recipe": "2024-10-23 16:40:32 +0000"
    },
    "done": true
  },
  "minecraft:recipes/woodcutting/mangrove/mangrove_pressure_plate_from_mangrove_planks_woodcutting": {
    "criteria": {
      "give_recipe": "2024-10-23 16:43:42 +0000"
    },
    "done": true
  },
  "minecraft:story/mine_diamond": {
    "criteria": {
      "diamond": "2024-10-23 16:54:56 +0000"
    },
    "done": true
  },
  "minecraft:recipes/woodcutting/mangrove/crafting_table_from_mangrove_planks_woodcutting": {
    "criteria": {
      "give_recipe": "2024-10-23 16:43:42 +0000"
    },
    "done": true
  },
  "tombstone:adventure/ashes_and_bones": {
    "criteria": {
      "coded_trigger": "2024-10-23 16:44:48 +0000"
    },
    "done": true
  },
  "minecraft:recipes/woodcutting/spruce/chest_from_spruce_planks_woodcutting": {
    "criteria": {
      "give_recipe": "2024-10-23 16:40:32 +0000"
    },
    "done": true
  },
  "minecraft:recipes/woodcutting/mahogany/polished_mahogany_pressure_plate_from_mahogany_slab_woodcutting": {
    "criteria": {
      "give_recipe": "2024-10-23 16:03:22 +0000"
    },
    "done": true
  },
  "minecraft:recipes/woodcutting/mahogany/polished_mahogany_sign_from_mahogany_slab_woodcutting": {
    "criteria": {
      "give_recipe": "2024-10-23 16:03:22 +0000"
    },
    "done": true
  },
  "minecraft:recipes/woodcutting/mahogany/polished_mahogany_planks_from_mahogany_slab_woodcutting": {
    "criteria": {
      "give_recipe": "2024-10-23 16:03:22 +0000"
    },
    "done": true
  },
  "minecraft:recipes/woodcutting/mangrove/mangrove_chest_boat_from_mangrove_planks_woodcutting": {
    "criteria": {
      "give_recipe": "2024-10-23 16:43:42 +0000"
    },
    "done": true
  },
  "minecraft:recipes/woodcutting/spruce/spruce_slab_from_spruce_planks_woodcutting": {
    "criteria": {
      "give_recipe": "2024-10-23 16:40:32 +0000"
    },
    "done": true
  },
  "minecraft:recipes/woodcutting/mangrove/mangrove_stairs_from_mangrove_planks_woodcutting": {
    "criteria": {
      "give_recipe": "2024-10-23 16:43:42 +0000"
    },
    "done": true
  },
  "DataVersion": 3465
}